Product Name,Price,Unit,Thumbnail
Winc Correction Tape 5mmx8m Dual Angle,$2.06 , EA,https://static.winc.com.au/pi/3c/6f29250e87bccd453dc9072754e7a4136198e2-1217208/lgsq.jpg
Winc Office Tape 18mmx33m Crystal Clear Roll,$1.18 , RL,https://static.winc.com.au/pi/52/d8b99f2957101422b3da53b63f2da206085a24-743605/lgsq.jpg
Winc Glue Sticks 10g,$1.71 , EA,https://static.winc.com.au/pi/8e/1afa62ad4eb5468e41ee90bf1b7ddcafcb5653-651515/lgsq.jpg
Bostik Blu Tack Reusable Adhesive 75G,$2.39 , PAK,https://m.media-amazon.com/images/I/81Wc0opXIPL._AC_SL1500_.jpg
Marbig Sheet Protector Heavy Duty A4 Clear Box 100,$14.71 , BOX,https://static.winc.com.au/pi/d3/ba26c20c02c79ab6b45919f7899be4d204ad08-661136/lgsq.jpg
Marbig Letter File A4 Ultra Plastic Clear Pack 10,$5.79 , PAK,https://static.winc.com.au/pi/37/5265d1822dd0de72e7535856ff3acc5ac67545-3532078/lgsq.jpg
Winc Facial Tissue 2 Ply Box 200,$3.03 , BOX,https://static.winc.com.au/pi/af/b2627c46d8d3f09f34b511cef561dff4d18843-125626/lgsq.jpg
Staples Flags 25 x 43mm Sign Here Red Pack 100,$7.22 , PAK,https://static.winc.com.au/pi/39/62d59d0f57fdac5fcdcae979c0c10e396226b8-878750/lgsq.jpg
Staples Flags Mini 12 x 43mm Assorted Colours Pack 140,$6.57 , PAK,https://www.staples-3p.com/s7/is/image/Staples/sp22895712_sc7?wid=512&hei=512
Winc Steel Paper Clip 33mm Box 100,$0.54 , BOX,https://static.winc.com.au/pi/03/8be3385915f67a06b07666a76f2936b51111d1-960662/lgsq.jpg
Winc Steel Paper Clip 50mm Box 100,$1.30 , BOX,https://static.winc.com.au/pi/59/7af908108154f63f284ed22f48c998fb55ca60-1170660/lgsq.jpg
Winc 15mm Foldback Clips Box 12,$0.84 , BOX,https://static.winc.com.au/pi/c9/fa243b831eb59bca141aef2ab8999e87c30a36-496614/lgsq.jpg
Winc 19mm Foldback Clips Box 12,$0.85 , BOX,https://static.winc.com.au/pi/3a/e996610fd279d49aec429a802bf3f3c2d11ffb-715623/lgsq.jpg
Staedtler 110 Tradition Pencil HB Box 12,$6.75 , BOX,https://static.winc.com.au/pi/0a/dd50278d21196b8d2665a0a1ed0935cd027ebb-875384/lgsq.jpg
Marbig Sort N Stor File Grey,$18.96 , EA,https://static.winc.com.au/pi/b4/243b5ac62ae4867af49d0afa75b32ba02388be-2213742/lgsq.jpg
Winc Polypropylene Document Wallet Hook & Loop Foolscap Translucent Clear,$2.65 , EA,https://static.winc.com.au/pi/26/f87f9dd9f4dec87ccd0aac431c3cb3f7ac9dc4-873306/lgsq.jpg
3M Privacy Filter for 20.1 Inch Widescreen Desktop Monitor Black,$215.23 , EA,https://images-na.ssl-images-amazon.com/images/I/71DDAx9-tXL.__AC_SX300_SY300_QL70_FMwebp_.jpg
Marbig Business Card Indexed File Box 400 Card Capacity Grey & Lime,$26.23 , EA,https://static.winc.com.au/pi/9a/2935f6653930b6a0af86bfc6240f558aa05b24-40054/lgsq.jpg
Marbig Dividers Manilla A4 Bright Colours 5 Tab,$0.81 , EA,https://static.winc.com.au/pi/de/3e7ebe4175afabd4bf492b9b3aaaf2091a458a-722557/lgsq.jpg
Marbig Dividers Polypropylene Coloured Tab A4 White 10 Tab,$2.25 , ST,https://static.winc.com.au/pi/f3/59770688498da07a36102f4c30bf8fe4998e85-3263497/lgsq.jpg
Marbig Dividers Polypropylene Coloured Tab A4 White 5 Tab,$1.14 , EA,https://static.winc.com.au/pi/e3/0018eb864dfe39af1254ef58e41c57668f710a-35805/lgsq.jpg
Alfresco Dispenser Napkin 1 Ply 210x200mm White Carton 5000,$26.85 , CAR,https://cdn11.bigcommerce.com/s-33iv1gdknl/images/stencil/500x659/products/120222/74932/5dd38e111c1d3__46802.1574146070.jpg?c=2
Dymo D1 Label Printer Tape 12mmx7m Black on White,$19.37 , EA,https://m.media-amazon.com/images/I/81F0jMorZVS._SL1500_.jpg
Marbig Standard Archive Box Pack 5,$17.65 , PAK,https://cdn11.bigcommerce.com/s-9nntib/images/stencil/1280x1280/products/1037/273467/80075__31851.1628598646.jpg?c=2
Bostik Super Glue 3ml,$2.31 , EA,https://auspost.com.au/shop/static/WFS/AusPost-Shop-Site/-/AusPost-Shop/en_AU/product/45883-AusPost/1/resized_1500x1500.jpg
Quartet Easel Telescopic Lightweight Silver,$196.47 , EA,https://static.winc.com.au/pi/a9/bb10d6731859e60a370142069a0f19a5fbc360-472742/lgsq.jpg
Marbig Stor-A-File Grey,$15.35 , EA,https://www.kookaburra.com.au/Images/ProductImages/ZAC80085S.jpg
Cumberland A4 Sheet Protector Gusset With Flap Pkt 10,$40.99 , PAK,https://static.winc.com.au/pi/a7/5c1a9efaa01c6d474c4e5d7f76b321fbc610dc-1270559/lgsq.jpg
Comsol IEC-C14 Male to 3 Pin AUS Female Power Cable - 15 cm,$3.75 , EA,https://static.winc.com.au/pi/fe/1b9a71e9d93c8833bb90d8eb51ec1fb2818b76-121997/lgsq.jpg
Winc Flags Mini 12 x 43mm Assorted Colours Pack 140,$6.57 , PAK,https://static.winc.com.au/pi/17/2df5ec5eaebf522c057f0956095c3ce20a01b4-965732/lgsq.jpg
Winc Retractable Ballpoint Pen Medium 1.0mm Black Pack 12,$9.38 , PAK,https://static.winc.com.au/pi/55/e1066a543cad6168d842069cd78864d0a8b913-1168387/lgsq.jpg
Winc Retractable Ballpoint Pen Medium 1.0mm Blue Pack 12,$9.38 , PAK,https://static.winc.com.au/pi/4e/0a4ddad1c9e4b2ef5e08ad40c5c0e3b7ec39e6-1387705/lgsq.jpg
Winc Retractable Ballpoint Pen Medium 1.0mm Red Pack 12,$9.38 , PAK,https://static.winc.com.au/pi/c0/61ccbba8cae7078998e537fdc141aff664ff9d-1025369/lgsq.jpg
Spirax No.570 Notebooks A5 Side Opening With Pockets 200 Page,$2.43 , EA,https://static.winc.com.au/pi/d2/a929480f49ab4cfb9b1d89c756b420375160c5-141532/lgsq.jpg
Spirax 595 Notebook A4 Side Opening 120 Pages,$1.83 , EA,https://static.winc.com.au/pi/fa/47749c58bdba76279ecd3a604ac078f8da19d1-1795159/lgsq.jpg
Uniball Ub104 Pen Rolling Ball Micro Blue,$2.37 , EA,https://www.okschoolandoffice.com.au/assets/full/10506032.jpg?20200703030534
Uniball Ub104 Pen Rolling Ball Micro Black,$2.37 , EA,https://www.okschoolandoffice.com.au/assets/full/10506032.jpg?20200703030534
Winc Chisel Tip 2.0-5.0mm Highlighter Yellow Box 5,$5.00 , BOX,https://static.winc.com.au/pi/90/b5e35eed2101e92df6c2260f1efb82fee71f19-354507/img180.jpg
Winc Chisel Tip 2.0-5.0mm Highlighter Green Box 5,$5.36 , BOX,https://static.winc.com.au/pi/e5/58e1c1a8b0141bb955d0b36d1023b5d80686cd-497232/lgsq.jpg
Winc Chisel Tip 2.0-5.0mm Highlighter Pink Box 5,$5.36 , BOX,https://rollsaustralia.com.au/image/cache/data/PSD/18835490-600x600.jpg
Uni-Ball Signo Rt1 Gel Ink Rollerball Pen 0.5mm Red,$2.09 , EA,https://m.media-amazon.com/images/I/51kfPiHdoOL.jpg
Scotch Permanent Mounting Tape 1.27cm x 1.9m White,8.43, RL,https://static.winc.com.au/pi/eb/f10ce78ffaeeeb45005bec782dc3eb42081f51-1060008/lgsq.jpg
Winc Laser/Inkjet/Copier Labels 98 x 38 mm 14 Labels/A4 Sheet 100 Sheets/Box,31.26, BOX,https://static.winc.com.au/pi/88/58c6ac82a3e883d8007075e62a6c9988c319bc-422088/large.jpg
Winc Whiteboard Marker Bullet Tip 1.5-3.0mm Red,2.72, EA,https://static.winc.com.au/pi/a4/77dcfaef478d4604fc16576ae4043da42b12f2-420544/lgsq.jpg
Winc Whiteboard Marker Bullet Tip 1.5-3.0mm Blue,0.92, EA,https://static.winc.com.au/pi/a4/77dcfaef478d4604fc16576ae4043da42b12f2-420544/lgsq.jpg
Winc Whiteboard Marker Bullet Tip 1.5-3.0mm Green,0.42, EA,https://static.winc.com.au/pi/11/cc41ae37795cd9fc61d33a8875c260ebf886d6-405845/lgsq.jpg
Whiteboard Marker Bullet Tip 1.5-3.0mm Black,0.36, EA,https://static.winc.com.au/pi/32/b64be1509603d5c5850189920f8b65cfbe3961-386442/lgsq.jpg
Spirax No.570 Notebooks A5 Side Opening With Pockets 200 Page,2.74, EA,https://static.winc.com.au/pi/d2/a929480f49ab4cfb9b1d89c756b420375160c5-141532/lgsq.jpg
Spirax 595 Notebook A4 Side Opening 120 Pages,1.99, EA,https://static.winc.com.au/pi/fa/47749c58bdba76279ecd3a604ac078f8da19d1-1795159/lgsq.jpg
Winc Facial Tissue 2 Ply Box 200,2.81, BOX,https://static.winc.com.au/pi/af/b2627c46d8d3f09f34b511cef561dff4d18843-125626/lgsq.jpg
Staedtler 110 Tradition Pencil HB Box 12,7.65, BOX,https://static.winc.com.au/pi/0a/dd50278d21196b8d2665a0a1ed0935cd027ebb-875384/lgsq.jpg
Command Clear Utensil Hooks 3Pk,9.69, PAK,https://m.media-amazon.com/images/I/81da5qJ016L._AC_SY879_.jpg
Staples Manilla Folder Foolscap Blue Box 100,25.79, BOX,https://static.winc.com.au/pi/1c/bd84fca9c7259d3474940c18e2f4cfb60259c8-894423/lgsq.jpg
Staples Wet Screen Wipes - 100-Pack,29.75, BOX,https://www.adsct.com.au/assets/uploads/129893961/url_737x737_15277710574667.jpg
Command Large Hook 17003,7.93, PAK,https://static.winc.com.au/pi/cc/80a52dcd1e48a09f406e91311fde86d9b79c52-127893/lgsq.jpg
Band-Aid Adhesive Bandages Assorted Sterile Shapes Pack 50,10.56, PAK,https://m.media-amazon.com/images/I/51fJ4G6PGoS._AC_SY1000_.jpg
Winc Keyboard Gel Wrist Rest Blue,39.59, EA,https://static.winc.com.au/pi/62/17afe9d9f4aa9b46d899fc3fb1c5daab188867-41912/lgsq.jpg
Staples Spiral 5 Subject Book A4 No.328 Perforated 250 Page,9.69, EA,https://static.winc.com.au/pi/73/1fd909a47ec96b6b47953ce26d6cb4dd44ad29-54962/lgsq.jpg
Energizer Industrial EN92 1.5V Alkaline AAA Battery Pack 24,17.96, PAK,https://static.winc.com.au/pi/44/874d717b8cc7582be2d57a476d29dd55955008-1735777/lgsq.jpg
Energizer Max Plus AA Batteries Pack 24,31.20, PAK,https://static.winc.com.au/pi/4a/771fa1bf18c1582ff11f6b64f9c7696bd81162-5044344/lgsq.jpg
Spirax 814 Recycled Lecture Book A4 140 Page,5.83, EA,https://static.winc.com.au/pi/f6/882ca7afb0cdee5841dbfffeae03530bdc099e-52768/lgsq.jpg
Esselte 45108 Pins Map Round Head Assorted Pkt200,3.85, PAK,https://static.winc.com.au/pi/a3/e4611f56f37876418b9dd1f7e7d7e57e41ac68-368126/large.jpg
Rexel 90035 ID Name Plates - 92 x 56 mm - 50-Pack,37.23, PAK,https://images.officeworks.com.au/api/2/img///s3-ap-southeast-2.amazonaws.com/wc-prod-pim/JPEG_1000x1000/AC90035_rexel_pk50_rexel_name_plates_92x56mm_white.jpg/resize?size=600&auth=MjA5OTcwODkwMg__
Coverplast Plastic Adhesive Strips Pkt50,3.24, PAK,https://static.winc.com.au/pi/a7/b4de92351ab6fa236f6cafe107785caab63f53-382350/lgsq.jpg
Command Utility Medium Hooks 2Pk 17001,5.33, PAK,https://static.winc.com.au/pi/67/7f635db6cfc328f735bac85777764970675ee6-140271/lgsq.jpg
Marbig A4 Dividers Plastic 1-31 White,6.48, ST,https://static.winc.com.au/pi/e7/5bd7e7339ebcb49039631f1b77cf4c49c208e0-419181/lgsq.jpg
Marbig A4 Dividers Plastic 1-54 White,11.26, EA,https://static.winc.com.au/pi/df/93aa27f495ab8b88a1d54293d5f94f16c09944-2649724/lgsq.jpg
Marbig Dividers Manilla A4 White 5 Tab Pack 20,15.59, PAK,https://www.officenational.com.au/obv9.public/wcsstore/ONCatalogAssetStore/images/AA37320.jpg?w=400&ch=DPR&dpr=2
Marbig Dividers Polypropylene A4 White A-Z 20 Tab,3.66, ST,https://static.winc.com.au/pi/67/306c70482ae2bd9b84a7cd39a207c0dead98f9-926951/lgsq.jpg
Marbig Dividers Polypropylene A4 White Numbered 10 Tab,2.25, ST,https://static.winc.com.au/pi/04/dce2eb362b3374f72abff945b8628a82c33e8a-7356606/lgsq.jpg
Marbig A4 Divider Plastic 1-5 Tab White,1.60, EA,https://static.winc.com.au/pi/08/3678d19d19c3e313cc068cd216463795342ee8-403326/lgsq.jpg
Marbig Dividers Polypropylene A4 White Numbered 12 Tab,2.80, ST,https://static.winc.com.au/pi/79/c5d03d37e9e18909ae5f04e0b81d08ed65f0a0-183168/lgsq.jpg
Staedtler Stick 430 Ballpoint Pen Medium 1.0mm Assorted Colour Multi-Pack Box 50,34.99, BOX,https://static.winc.com.au/pi/df/e68bbe69a02ca2b3d2dd6bdae60648c87ee109-875094/lgsq.jpg
Rexel Precision 2 Hole Punch 40 Sheet Metal Blue,44.87, EA,https://static.winc.com.au/pi/d0/bea1d8b26e6c6d40703bf8bd8627700bee3bfc-47939/lgsq.jpg
Dymo LabelWriter Address Labels 36mmx89mm White Box 520,35.90, BOX,https://static.winc.com.au/pi/d6/9170dd867b8437ad896ffb1da7e7344e3c2930-1162792/large.jpg
Uni-ball UB157 Eye Rollerball Pen Fine 0.7mm Pink Each,4.23, EA,https://static.winc.com.au/pi/e0/c566111360d166aaecab7ab6d585e3c0a677a2-164977/lgsq.jpg
Uni-ball UB157 Eye Rollerball Pen Fine 0.7mm Green Each,4.23, EA,https://static.winc.com.au/pi/b2/6371f6075b787f860349b9d4a814ba17ab8d5c-16664/lgsq.jpg
Winc Chisel Tip 2.0-5.0mm Highlighter Blue Box 5,6.26, BOX,https://static.winc.com.au/pi/b2/635a8fb248246a0ef62d5128d5c86dad264669-171395/lgsq.jpg
Spirax 43111 5-Subject Book A4 Side Opening 250 Page,11.08, EA,https://static.winc.com.au/pi/49/5c56784993979baa6d66e0915f0e9c0ee0efd7-1241733/lgsq.jpg
Winc Desktop Stapler Full Strip Metal Black,18.88, EA,https://static.winc.com.au/pi/1c/b88228eabe973a1bf7c5582cbf1be6de0c554a-131783/large.jpg
Marbig Professional Series Tape Dispenser - Small,4.73, EA,https://static.winc.com.au/pi/29/d086bd04158bdc345c2341b8aed4ad2ea285fb-647449/lgsq.jpg
Rexel Ro8115C Staple Remover Lockable,2.15, EA,https://static.winc.com.au/pi/66/5b82add88b152bc0459de11bcb44eff7e8cabd-638889/lgsq.jpg
Staedtler Rasoplast Eraser Medium,1.08, EA,https://images.officeworks.com.au/api/2/img/https://s3-ap-southeast-2.amazonaws.com/wc-prod-pim/JPEG_1000x1000/ST526B30_.jpg/resize?size=600&auth=MjA5OTcwODkwMg__
Winc Glue Stick 40g,3.12, EA,https://static.winc.com.au/pi/b6/8a70ee990400e2218db384b658e7850b9260bb-1668806/large.jpg
Nallawilli Office Wares Sticky Notes Yellow 76X76mm 100 Sheet Pad 12 Pack,13.45, PAK,https://static.winc.com.au/pi/82/3b7bf717c1d6333459352c9f89aa6dd5eb146d-453859/lgsq.jpg
Marbig Business Card Indexed File Box 600 Card Capacity Grey & Lime,31.81, EA,https://static.winc.com.au/pi/51/0868720d96fdf797a147f7695d9b687021f601-486765/lgsq.jpg
Quartet Whiteboard Penrite Premium 1200l x 900wmm White,180.91, EA,https://static.winc.com.au/pi/d2/4fd40c9126661afe86c9f166e57c1a1feb243e-393349/lgsq.jpg
Winc Self-Stick Removable Notes 76X76mm Bold/Ultra 5 Pads Pack,10.17, PAK,https://static.winc.com.au/pi/1a/1b180e3e035cdc4a46244052ccb8ed0fc1fe49-1172091/lgsq.jpg
Pilot Frixion Clicker Erasable Gel Ink Retractable Rollerball Pen Fine 0.7mm Blue Box 12,69.09, BOX,https://static.winc.com.au/pi/a1/4480e68f5f2c22b4a22e502da273ed10e422db-2328330/lgsq.jpg
Pilot Frixion Clicker Erasable Gel Ink Retractable Rollerball Pen Fine 0.7mm Red Box 12,58.77, BOX,https://static.winc.com.au/pi/82/b0b7d46085f940fe6a8698e39f43496fc80378-1138155/large.jpg
Staedtler Stick Plus Ballpoint Pen Medium 1.0mm Blue Box 10,5.38, BOX,https://static.winc.com.au/pi/c2/3e3112267137456cc8030dac9f79f5efe0c21c-857299/img180.jpg
Staedtler Stick Plus Ballpoint Pen Medium 1.0mm Red Box 10,6.72, BOX,https://static.winc.com.au/pi/89/553e42cb014513588fc5c09bb14530ee0d65f1-886761/img180.jpg
Staedtler Stick Plus Ballpoint Pen Medium 1.0mm Black Box 10,6.72, BOX,https://static.winc.com.au/pi/47/5d40ec5013febfa677174fd4fdd2db91ed9941-740738/img180.jpg
Winc Mouse Pad with Gel Wrist Rest Blue,32.32, EA,https://static.winc.com.au/pi/d2/bfa5e2af00e92a57e3c009907d5e7ef5749be0-127947/lgsq.jpg
Winc Convention Name Card Holder Pin And Clip Box 50,18.03, BOX,https://static.winc.com.au/pi/3d/b4838a8b5f824ef633b134265f5929b4d7765b-318464/lgsq.jpg
Esselte Document Storage Filing Cabinet Desktop A4 Black,50.53, EA,https://www.torstar.net.au/wp-content/uploads/2021/08/ACO49775.jpg
Stabilo Boss Highlighter Orange Box 10,18.13, BOX,https://m.media-amazon.com/images/I/810S1Y-bDgL._AC_SL1500_.jpg
Winc Ruler Clear Plastic 30cm Metric,0.81, EA,https://static.winc.com.au/pi/3f/3b60fd43d66be7d3d26f09ca97365ef0348f44-128441/lgsq.jpg
Avery Plastic Pre-printed Dividers - White - 1-20 Tabs,5.67, ST,https://www.averyproducts.com.au/sites/avery.au/files/styles/scale_1_1_ratio_style/public/avery_importer/media/85620_pac.jpg?itok=ScIOvsdT
Pentel P205 Mechanical Pencil 0.5mm,13.31, EA,https://s3-ap-southeast-2.amazonaws.com/wc-prod-pim/JPEG_1000x1000/PEXP205HB_pentel_pentel_p205_mech_pencil_0_5_grey.jpg
Winc Mouse Pad with Gel Wrist Rest Purple,32.32, EA,https://static.winc.com.au/pi/72/a591d27271406fb12e22ba383bc847551e41f1-141412/lgsq.jpg
Uneedit Ice Pack Instant Small 160mm X 90mm Boxed Each,1.85, EA,https://static.winc.com.au/pi/9d/2a24faf0ea35822f789314f013fce1867a0479-1999485/large.jpg
Burnaid Burn Gel 3.5g Sachet Box Of 10,11.72, BOX,https://static.winc.com.au/pi/42/22d5c6bcbfb39679d96279e999e221aa8cd56a-812751/lgsq.jpg
Fellowes PlushTouch Mouse Pad Wrist Rest With Microban Protection Blue,40.68, EA,https://m.media-amazon.com/images/I/81x8+fWLahL._AC_SL1500_.jpg
Fellowes PlushTouch Keyboard Wrist Rest Curved Blue,56.63, EA,https://m.media-amazon.com/images/I/719MXTGmB7L._AC_SL1500_.jpg
Post-It Dry Erase Surface 1200mm X 900mm With Cleaning Cloth,124.55, PAK,https://cdn11.bigcommerce.com/s-9nntib/images/stencil/1280x1280/products/2884/250851/3m_defcloth_post-it_dry_erase_surface_eraser_cloth__02785.1612090625.jpg?c=2
Polycell Courier Tuff Pack Mail Bag 340X440mm Carton 750,241.82, CAR,https://static.winc.com.au/pi/4a/41f116b0068e8d42711b46d2e3fb663d9ed49a-1032772/lgsq.jpg
Winc Translucent A4 Document Wallet with Binder Strip Polypropylene Clear,2.43, EA,https://static.winc.com.au/pi/0a/b930544511cef0cdaaedd45f37d2b0c4e06887-449495/lgsq.jpg
Winc Fineliner Felt Fine 0.5mm Red Box 12,22.55, BOX,https://static.winc.com.au/pi/21/2754f0f5c82b6b2dd588eb4efa016bf0e01c43-744223/large.jpg
Winc Mouse Pad with Gel Wrist Rest - Black,33.38, EA,https://static.winc.com.au/pi/cf/ad9042a631ec003dd20ae5424fcb5fc143e6d2-170281/lgsq.jpg
Energizer Max Plus AA Batteries Pack 24,34.94, PAK,https://static.winc.com.au/pi/4a/771fa1bf18c1582ff11f6b64f9c7696bd81162-5044344/lgsq.jpg
Energizer Max Plus Aaa Batteries 24 Pack,32.23, PAK,https://static.winc.com.au/pi/a2/c91a82697673be88a3b5f3eebb29f88027da94-3871085/large.jpg
Post-It Notes Canary Yellow 36 x 48mm Pack 12,10.62, PAK,https://static.winc.com.au/pi/0b/32e0d17c0ecf2a8ee900d291cd1accc7de055f-342258/lgsq.jpg
Dymo LabelWriter Address Labels 36mmx89mm White Box 520,39.54, BOX,https://static.winc.com.au/pi/d6/9170dd867b8437ad896ffb1da7e7344e3c2930-1162792/large.jpg
Cumberland Sheet Protector Gusseted A4 Pack 10,36.13, PAK,https://static.winc.com.au/pi/70/b985a4c273580646ae46c9f6f65376605540cd-1118532/lgsq.jpg
Winc Packaging Tape Hot Melt 48mmx75m Clear 6 Rolls,15.22, PAK,https://static.winc.com.au/pi/5a/1ea933ea9313fc891dec81e3931d33c03e07f4-784611/large.jpg
Winc Wet Screen Wipes - 100-Pack,33.32, BOX,https://static.winc.com.au/pi/87/1f30dcf5e01f22bef5c2539fca2b090c55fb8e-964948/lgsq.jpg
Willow 66120 Storage Container Classique Collection 20L,28.64, EA,https://www.decor.com.au/wp-content/uploads/2020/07/311200-CLASSIQUE-20L-GREY_1.png
Sharpie Permanent Marker Fine 1.0mm Blue,2.05, EA,https://static.winc.com.au/pi/54/0278136d6157af2f97ca6c59f34bd2a7d91ec4-207080/lgsq.jpg
Sharpie Permanent Marker Fine 1.0mm Black,1.82, EA,https://static.winc.com.au/pi/19/d8b755a8fe7c84ff7cc3a8f3a772f7421bfe6a-95676/lgsq.jpg
Winc Manilla Folder Foolscap Buff Box 100,14.86, BOX,https://static.winc.com.au/pi/e2/bfc6ae49fa57691c69a704720a8e186d83edff-331121/lgsq.jpg
Faber Eraser PVC Free large with sleeve,0.95, EA,https://static.winc.com.au/pi/94/1f040f1517d74496ffb591c7a0d57501436c46-7875915/lgsq.jpg
Stabilo Boss Highlighter Blue Box 10,20.85, BOX,https://static.winc.com.au/pi/c9/5e23c5bf0fe7ae54834be28b2e3a48f8042689-1471862/lgsq.jpg
Winc 26/6 Standard Staples Box 5000,2.14, BOX,https://static.winc.com.au/pi/dc/067f52712b629d494fb8ef2cccd9d4856615ed-782563/large.jpg
Winc Pencil Sharpener Plastic Barrel Canister Double Hole,1.32, EA,https://static.winc.com.au/pi/42/7a231a78eb0c01d415a7d5849cb8190aa63848-918059/lgsq.jpg
Winc Scissors 210mm Large Amber Handle,3.10, EA,https://static.winc.com.au/pi/10/195317d4d4cbe8a4492ed06bd25090f28b69cc-572271/lgsq.jpg
Olympic Manilla Folder Foolscap Purple Box 100,36.13, BOX,https://static.winc.com.au/pi/6d/d91d7a2546e142464a07f44f42c708fc11de45-303972/lgsq.jpg
Marbig Indexed Business Card Holder 96 Card Capacity Black,18.17, EA,https://static.winc.com.au/pi/35/1013cb7e56f7891193b4ddc4b273c8420e78d4-349444/lgsq.jpg
Sasco 2020 Monthly Desk Planner 430 x 555mm,10.63, EA,https://static.winc.com.au/pi/6e/61058b7efcffbbb9ff1ad8caf54cf9f6b8346a-2581619/lgsq.jpg
Staedtler 351 Lumocolor Whiteboard Marker Bullet Tip 2.0mm Assorted Colours Set 4,9.86, ST,https://static.winc.com.au/pi/fb/ee8361809172116c06d007134275716e513391-486654/lgsq.jpg
Winc Paper Clip 33mm Triangular Steel Box 100,1.14, BOX,https://static.winc.com.au/pi/b7/5ba47972fa64e0f039a9fb90f303baa2166991-464522/large.jpg
Winc Convention Name Card Holder Pin And Clip Box 50,27.34, BOX,https://static.winc.com.au/pi/3d/b4838a8b5f824ef633b134265f5929b4d7765b-318464/lgsq.jpg
VELCRO Brand Fastener Hook and Loop 22mm Dots Pack 62,17.90, PAK,https://static.winc.com.au/pi/73/1c7be55253558e53589a7fde6ff20a813a1e78-108558/lgsq.jpg
Winc 2020 Doublesided Recycled Year Wall Planner,15.54, EA,https://static.winc.com.au/pi/a8/cf35dfc5f32ce4b9ffa70a6c1f9681d709caf8-1542900/lgsq.jpg
Fellowes Booklift Copyholder,26.12, EA,https://m.media-amazon.com/images/I/61rs0WCMhWL._AC_SY355_.jpg
Command Clear Utensil Hooks 3Pk,9.60, PAK,https://multimedia.3m.com/mws/media/1671687F/17067clr-utensil-hooks-3pk-051141347011.jpg
Post-It Super Sticky Wall Hanging Pad White 508 x 584mm Pack 2,89.02, PAK,https://static.winc.com.au/pi/f6/fb4d43e44ca2fd26cf8b512b8ecc453a11ba1f-6861249/large.jpg
Fastaid Paper Tape 2.5cm X 5m Hypo Allergenic White Each,1.54, EA,https://www.werko.com.au/wp-content/uploads/2019/08/frt002.jpg
Uneedit First Aid Antiseptic Skin-Prep Swab Single Sachet,0.54, EA,https://static.winc.com.au/pi/09/266eb8d1b52c702d1b60bb0a6bb2043108ee58-671578/img180.jpg
Livingstone Cotton Tips Pack 100,0.90, PAK,https://static.winc.com.au/pi/3a/92c6aee98f1cb8a1e3994085a9b64b06f135cd-716983/lgsq.jpg
Winc Pressurised Air Duster 350ml,21.47, EA,https://static.winc.com.au/pi/3b/6945963c17c7de1989b478a1261f504186f061-113989/lgsq.jpg
Olympic Ticket Raffle/Check Pad Numbered 1-100,0.77, PD,https://static.winc.com.au/pi/6c/b0115e94b58b2a0287dc574c9914a1a42402af-46476/lgsq.jpg
UHU 40820 Super Glue Adhesive Standard 3ml,3.04, TU,https://static.winc.com.au/pi/20/4bb350f7f9e13843a722270fc368eff13471d2-869408/lgsq.jpg
Esselte 40214 Clipboard A4 Clear Plastic,8.49, EA,https://static.winc.com.au/pi/98/a4980d0db31555ef2c3bc14cbd51645d175ddf-498437/lgsq.jpg
Bankers Box Transfer File Foolscap 250Wx375Hx80D Pack 5,19.85, PAK,https://m.media-amazon.com/images/I/91zhW9CJqiL._AC_SX679_.jpg
Canon LS-100TS Business Desktop Calculator,19.79, EA,https://static.winc.com.au/pi/a3/a0eb908db37d6ccfe715cfa07776e2d1d1b9b3-640027/lgsq.jpg
Marbig 90140S Standard Desk Stapler Half Strip Plastic Black/Grey,6.16, EA,https://static.winc.com.au/pi/91/130fc1465db2329fe73d7043ef63dc7f6149ae-110789/lgsq.jpg
Rexel Magnetic Name Badge Holder Clear Pack 10,9.80, PAK,https://static.winc.com.au/pi/f9/bc810fa8cb6e94911cee19d8ff43fd734e7e7d-317268/lgsq.jpg
Winc Metal Desktop Half Strip Frontload Black,18.99, EA,https://static.winc.com.au/pi/fd/b70238e62e9866644c14acb4eefba8d105fa45-817622/lgsq.jpg
Winc Earth Whiteboard Markers Recycled Bullet Tip 1.5-3.0mm Assorted Colours Box 4,13.43, ST,https://static.winc.com.au/pi/11/67dba3df0b559b6bd65b29cc2da8b808f8a1de-939790/lgsq.jpg
Harbour 2020 Stainless Stain Desk Calendar Stand Side Hole,27.99, EA,https://i.ebayimg.com/images/g/JAcAAOSwilVbuv-q/s-l300.jpg
Harbour 2020 Desk Calendar Refill Side Hole 160 x 125mm,17.72, EA,https://static.winc.com.au/pi/cb/5bcf50f3c64b8983ff968878f13d0f9ea9784c-760139/lgsq.jpg
Staedtler Triplus Fineliner Pen Extra Fine 0.3mm Assorted Colour Multi-Pack Set 10,20.26, ST,https://static.winc.com.au/pi/57/aff81569fe22950ed2584647852297b2ce6f1f-252770/lgsq.jpg
Uneedit Ice Pack Instant Single Use,4.63, EA,https://static.winc.com.au/pi/9d/2a24faf0ea35822f789314f013fce1867a0479-1999485/large.jpg
Post-It Flags 25.4 x 43.2mm Bright Pink Pack 2,6.79, PAK,https://image.nxp.nz/pi/93/b79f8651f7e723e8fd3d3d9473b8012f5b9b42-258695/large.jpg
Post-It Flags 25.4 x 43.2mm Purple Pack 2,6.79, PAK,https://static.winc.com.au/pi/91/78dd9e49609448dd162cbf874d814718280bad-852849/lgsq.jpg
Fastaid Conforming Bandage 5cm White Each,0.63, EA,https://static.winc.com.au/pi/52/0a271c255a0b9eef0b1821acd30015d4dc415e-148024/lgsq.jpg
Fastaid Conforming Bandage 10cm White Each,1.14, EA,https://static.winc.com.au/pi/52/0a271c255a0b9eef0b1821acd30015d4dc415e-148024/img180.jpg
Sentry Eye Pads Sterile 60x80mm Large Oval,0.50, EA,https://static.winc.com.au/pi/d1/19b43d4b8b26e104730748c229d3ba758fec68-1954513/lgsq.jpg
Uneedit Wd15 First Aid Wound Dressing No.15,2.77, EA,https://static.winc.com.au/pi/cb/fe98edf4de4cd6b2e60859d78ccd04b1449439-2439004/lgsq.jpg
Uneedit Ewa1 Eye Wash Solution 15ml Single Use,0.95, EA,https://static.winc.com.au/pi/db/aedb0c5a01c22bd12efdf5dc2678a1ab97f750-662860/lgsq.jpg
Marbig 97640 Compact Desktop Calculator,12.87, EA,https://m.media-amazon.com/images/I/91OgOnytujL.jpg
Energizer Industrial EN91 1.5V Alkaline AA Battery Pack 24,17.07, PAK,https://static.winc.com.au/pi/7d/a3e46ad8f91ec204d410e3c71f116830edbf45-4380747/lgsq.jpg
Winc AAA Premium Alkaline Battery Box 24,11.27, BOX,https://static.winc.com.au/pi/d0/80448b6fc7a2e3ba8a129f6e1ecfd77d832fce-4004054/lgsq.jpg